;Iteracao;Valor_Agregado
0;1;3297384286.590253
1;2;3203684635.740243
2;3;3374884097.400267
3;4;3217428189.6602407
4;5;3494066695.2302713
5;6;2970988963.490214
6;7;3126498445.59023
7;8;3325881301.2002544
8;9;3369951537.05026
9;10;3178633735.0002356
