procedimento_principal_unico;Fora do Tratamento;Gabapentina;Início;Lamotrigina;Levetiracetam;Saída;Topiramato;Vigabatrina;Mortalidade
Gabapentina;0.03349920028434335;0.9042118357917185;0.03794206504354007;0.003643149102541319;0.0005331437711036076;0.015194597476452817;0.0037320063977252533;0.0;0.0012440021325750845
Lamotrigina;0.016553251242168936;0.0010261395549794772;0.030325124216893498;0.9101317779217973;0.008290127457334198;0.009343270684813134;0.020657809462086844;0.002889392957442212;0.0007831065024843379
Levetiracetam;0.006396588486140725;0.00042643923240938164;0.07428571428571429;0.023880597014925373;0.8643070362473347;0.006823027718550106;0.018678038379530918;0.004605543710021322;0.0005970149253731343
Topiramato;0.011110735875181521;0.0018574178514741144;0.03856674884333525;0.026746817061227248;0.007699841275201783;0.014217689372192767;0.89321535915707;0.0053696261524433485;0.0012157644118739657
Vigabatrina;0.01078582434514638;0.0;0.053268765133171914;0.026194144838212634;0.01848998459167951;0.01981069777679947;0.03675985031917235;0.8329297820823245;0.0017609509134932863
